giunto_mha_amore,jUBIFqVkm9A,
chirantana,mQH_-GN_9y0,
temperance,RWpqUGmeDCQ,
heralds_in_love,EOPk79Z8ZtM,heralds in lust parquet enhancement
heralds_in_love,1sY7nFKmF1I,heralds in lust
lucretia,x4HmtRS5rQU,
newcastle,W1CVEIaaYTM,
armyn,oVlLW1McZRM,
what_so_ever_ye_wyll,bbv-21VPntQ,
st_pauls_cathedral,s5DcnDh2778,gwommy
st_pauls_cathedral,7GkGgDOmrCc,alina
saint_barbaras,lgBhntKnGdE,
rostiboli_gioioso,FU_4LG-6RYU,
il_canario,6MyDNKQD1zI,
tesara,bKrl8RBh_6k,
maraviglia_damore,qUhJlq2MHRE,
mage_on_a_cree,V8BCI7Q57J0,
lo_spagnoletto,ug0NO-hUZ8I,
hyde_park,oYNNcZpq2t4,
if_all_the_world_were_paper,NzO_e74yMhM,
vita_di_cholino,z43WNQCOR70,
fine_companion,S1x9DYOYK2k,
grene_gynger,Q4pP90DOOM8,
my_lady_cullen,4L0grS0jhEo,
goddesses,39HQHFNJQPs,
allegrezza_damore,YtPDqgUVdZU,
allegrezza_damore,jmpjDx4ZQz0,
anello,rsW-GwqRb8g,
gelosia,-q4itkSSDp0,
bella_gioiosa,sf5FCC-5EiQ,
i_care_not_for_these_ladies,6-_uq4SmoDU,
chirantana,yHrqRIv4Zvw,
horses_bransle,xu0OQ3MXzsg,Aussie Rules
lo_spagnoletto,YWFxKW6o5bU,
if_all_the_world_were_paper,c3t5w5WR96U,
whirlygig,kIGPcCEQy_4,
glory_of_the_west,uuqBsjdLBnk,
beggar_boy,fTrD4cV_g00,
the_health,NOCytpg_Pd8,
black_nag,QQC4EaYXJFU,
nonesuch,eUMpauIYtmc,Northwoods Variant
candida_luna,_3XXmZHd188,
nonesuch,1KJSx7e4Rdw,
two_fat_ladies,7FG_mYuCiaI,
rostiboli_gioioso,vmxAXW2ZYF4,
newcastle,Qby4SH_PDLg,
female_sailor,uh60dANB778,
gracca_amorosa,z3A28jRwmU4,
the_friar_and_the_nun,rKmrTmh0wSk,
lord_of_carnavans_jegg,duz8PeNpIow,
adsons_saraband,zH-D-zHprBY,
the_old_mole,G31AmwAuam0,
stingo,5jv_JpV_UnI,
never_give_consent,Ajc54GENuGA,
confesse,_d1GIiVXvSM,
ginevra_weasley,eydEjO6Nhgc,
petite_rose,Sz0cD1nVVQo,
burley_mariners,buvHLDOButM,
oranges_and_lemons,1_NEJy6-_0A,
faine_i_would_if_i_could,MRhPNwet3SY,
rondo_tutti_battuti,laSB-F75pJ4,
giove,-8b9TKx6XjQ,
allegrezza_damore,zXs_lgmd5DM,
crossed_purposes,dj6iXwPXLhM,
contrapasso_in_routa,piBz-SRrwII,
st_pauls_cathedral,24as_OvGDc0,
pennsic_dance,_Qu4Me6_2eA,
fedelta,2wpGQF_TGgY,
two_fat_ladies,cQXP1M0PyE8,
